{
    "vendorID": 121,
    "productID": 17,
    "buttons": [
        {
            "pin": 5,
            "value": 47,
            "name": "a"
        },
        {
            "pin": 5,
            "value": 79,
            "name": "b"
        },
        {
            "pin": 5,
            "value": 143,
            "name": "y"
        },
        {
            "pin": 5,
            "value": 31,
            "name": "x"
        },
        {
            "pin": 6,
            "value": 2,
            "name": "r"
        },
        {
            "pin": 6,
            "value": 1,
            "name": "l"
        },
        {
            "pin": 6,
            "value": 32,
            "name": "start"
        },
        {
            "pin": 6,
            "value": 16,
            "name": "select"
        },
        {
            "pin": 4,
            "value": 0,
            "name": "up"
        },
        {
            "pin": 4,
            "value": 255,
            "name": "down"
        },
        {
            "pin": 3,
            "value": 0,
            "name": "left"
        },
        {
            "pin": 3,
            "value": 255,
            "name": "right"
        }
    ]
}