{
    "vendorID" : 4797,
    "productID" : 53269,
    "buttons" : [
        {
            "name": "up",
            "pin": 1,
            "value": 0
        },
        {
            "name": "down",
            "pin": 1,
            "value": 255
        },
        {
            "name": "left",
            "pin": 0,
            "value": 0
        },
        {
            "name": "right",
            "pin": 0,
            "value": 255
        },
        {
            "name": "x",
            "pin": 3,
            "value": 1
        },
        {
            "name": "y",
            "pin": 3,
            "value": 8
        },
        {
            "name": "a",
            "pin": 3,
            "value": 2
        },
        {
            "name": "b",
            "pin": 3,
            "value": 4
        },
        {
            "name": "l",
            "pin": 3,
            "value": 16
        },
        {
            "name": "r",
            "pin": 3,
            "value": 32
        },
        {
            "name": "select",
            "pin": 4,
            "value": 1
        },
        {
            "name": "start",
            "pin": 4,
            "value": 2
        }
    ]
}